{
  "Total" : {
    "transaction" : "Total",
    "sampleCount" : 10461,
    "errorCount" : 3388,
    "errorPct" : 32.386963,
    "meanResTime" : 1309.7233534078935,
    "medianResTime" : 791.0,
    "minResTime" : 523.0,
    "maxResTime" : 6691.0,
    "pct1ResTime" : 3035.0,
    "pct2ResTime" : 4192.799999999999,
    "pct3ResTime" : 5351.759999999998,
    "throughput" : 158.95518986187722,
    "receivedKBytesPerSec" : 1026.6973083906944,
    "sentKBytesPerSec" : 32.445139419132055
  },
  "Finalizar compra" : {
    "transaction" : "Finalizar compra",
    "sampleCount" : 3388,
    "errorCount" : 3388,
    "errorPct" : 100.0,
    "meanResTime" : 1336.83707201889,
    "medianResTime" : 793.0,
    "minResTime" : 524.0,
    "maxResTime" : 6543.0,
    "pct1ResTime" : 3138.1,
    "pct2ResTime" : 4281.099999999999,
    "pct3ResTime" : 5408.870000000003,
    "throughput" : 53.198505165970545,
    "receivedKBytesPerSec" : 301.2681971901203,
    "sentKBytesPerSec" : 13.55938461749835
  },
  "Buscar voos Manaus -> Recife" : {
    "transaction" : "Buscar voos Manaus -> Recife",
    "sampleCount" : 3583,
    "errorCount" : 0,
    "errorPct" : 0.0,
    "meanResTime" : 1304.5006977393223,
    "medianResTime" : 800.0,
    "minResTime" : 524.0,
    "maxResTime" : 6691.0,
    "pct1ResTime" : 3003.599999999999,
    "pct2ResTime" : 4169.599999999999,
    "pct3ResTime" : 5339.199999999993,
    "throughput" : 54.70396042627255,
    "receivedKBytesPerSec" : 388.0563385523222,
    "sentKBytesPerSec" : 8.280384634836178
  },
  "Selecionar voo" : {
    "transaction" : "Selecionar voo",
    "sampleCount" : 3490,
    "errorCount" : 0,
    "errorPct" : 0.0,
    "meanResTime" : 1288.7638968481383,
    "medianResTime" : 781.5,
    "minResTime" : 523.0,
    "maxResTime" : 6497.0,
    "pct1ResTime" : 2983.700000000001,
    "pct2ResTime" : 4141.45,
    "pct3ResTime" : 5344.630000000001,
    "throughput" : 55.38275993398502,
    "receivedKBytesPerSec" : 364.42325907309254,
    "sentKBytesPerSec" : 11.574131470578902
  }
}