{
  "Buscar voos" : {
    "transaction" : "Buscar voos",
    "sampleCount" : 9075,
    "errorCount" : 9075,
    "errorPct" : 100.0,
    "meanResTime" : 638.7006060606044,
    "medianResTime" : 600.0,
    "minResTime" : 494.0,
    "maxResTime" : 1950.0,
    "pct1ResTime" : 781.0,
    "pct2ResTime" : 887.0,
    "pct3ResTime" : 1136.2399999999998,
    "throughput" : 75.13225761050445,
    "receivedKBytesPerSec" : 137.30101529448532,
    "sentKBytesPerSec" : 14.52752637390613
  },
  "Total" : {
    "transaction" : "Total",
    "sampleCount" : 26998,
    "errorCount" : 9075,
    "errorPct" : 33.6136,
    "meanResTime" : 717.3081339358529,
    "medianResTime" : 696.0,
    "minResTime" : 494.0,
    "maxResTime" : 2598.0,
    "pct1ResTime" : 927.0,
    "pct2ResTime" : 1030.0,
    "pct3ResTime" : 1291.9900000000016,
    "throughput" : 223.13318732179016,
    "receivedKBytesPerSec" : 1044.1435790218604,
    "sentKBytesPerSec" : 47.53729815798173
  },
  "Finalizar compra" : {
    "transaction" : "Finalizar compra",
    "sampleCount" : 8924,
    "errorCount" : 0,
    "errorPct" : 0.0,
    "meanResTime" : 756.8733751680862,
    "medianResTime" : 722.5,
    "minResTime" : 507.0,
    "maxResTime" : 2296.0,
    "pct1ResTime" : 948.0,
    "pct2ResTime" : 1062.0,
    "pct3ResTime" : 1313.5,
    "throughput" : 74.5443306547271,
    "receivedKBytesPerSec" : 422.15300633175735,
    "sentKBytesPerSec" : 19.00006865320681
  },
  "Selecionar voo" : {
    "transaction" : "Selecionar voo",
    "sampleCount" : 8999,
    "errorCount" : 0,
    "errorPct" : 0.0,
    "meanResTime" : 757.3440382264718,
    "medianResTime" : 724.0,
    "minResTime" : 510.0,
    "maxResTime" : 2598.0,
    "pct1ResTime" : 955.0,
    "pct2ResTime" : 1056.0,
    "pct3ResTime" : 1294.0,
    "throughput" : 74.83700352604617,
    "receivedKBytesPerSec" : 492.4352139692552,
    "sentKBytesPerSec" : 14.324270206157275
  }
}